,rollno,subject1,subject2,subject3,subject4,subject5,subject6,subject7,total,division
11,12,98,98,89,89,67,87,89,617,D
3,4,98,89,78,87,67,78,89,586,D
4,5,45,67,78,67,78,67,97,499,D
9,10,78,67,77,67,56,45,67,457,F
2,3,67,68,78,76,56,67,43,455,F
8,9,67,78,34,56,67,67,78,447,F
10,11,89,67,56,56,54,55,45,422,F
5,6,40,45,56,67,67,56,67,398,S
1,2,54,57,67,56,32,56,67,389,X
0,1,45,56,67,45,41,78,56,388,S
7,8,40,45,45,65,54,53,23,325,T
6,7,21,34,23,45,43,23,11,200,X
